city,neighbourhood_group,metro_key,iata_code
new_york,,new_york,JFK
new_york,,new_york,LGA
new_york,,new_york,EWR
los_angeles,,los_angeles,LAX
los_angeles,,los_angeles,BUR
los_angeles,,los_angeles,LGB
los_angeles,,los_angeles,SNA
los_angeles,,los_angeles,ONT
san_francisco,,san_francisco,SFO
san_francisco,,san_francisco,OAK
san_francisco,,san_francisco,SJC
chicago,,chicago,ORD
chicago,,chicago,MDW
seattle,,seattle,SEA
boston,,boston,BOS
austin,,austin,AUS
washington_dc,,washington_dc,DCA
washington_dc,,washington_dc,IAD
washington_dc,,washington_dc,BWI
new_orleans,,new_orleans,MSY
hawaii,Honolulu,hawaii_oahu,HNL
hawaii,Maui,hawaii_maui,OGG
hawaii,Hawaii,hawaii_big_island,KOA
hawaii,Hawaii,hawaii_big_island,ITO
hawaii,Kauai,hawaii_kauai,LIH
london,,london,LHR
london,,london,LGW
london,,london,STN
london,,london,LTN
london,,london,LCY
paris,,paris,CDG
paris,,paris,ORY
istanbul,,istanbul,IST
istanbul,,istanbul,SAW
barcelona,,barcelona,BCN
madrid,,madrid,MAD
amsterdam,,amsterdam,AMS
munich,,munich,MUC
rome,,rome,FCO
rome,,rome,CIA
lisbon,,lisbon,LIS
tokyo,,tokyo,HND
tokyo,,tokyo,NRT
